,date,day,month,name,source,title,urlToImage,year
0,2020-10-24,24.0,10.0,Donald Trump,ABC News,"Trump to vote in Fla., hold 3 rallies; Biden focuses on Pa.",https://s.abcnews.com/images/Politics/WireAP_746a013dccc04972b3805a35be3bbf87_16x9_992.jpg,2020.0
1,2020-10-25,25.0,10.0,Donald Trump,ABC News,"Trump, Biden favorability unchanged as 2020 race heads into final week: POLL",https://s.abcnews.com/images/International/trump-nc-rt-rc-201024_1603562753966_hpMain_16x9_992.jpg,2020.0
2,2020-10-28,28.0,10.0,Donald Trump,ABC News,Trump to appeal to Nevada voters from neighboring Arizona,https://s.abcnews.com/images/Politics/WireAP_dc138608d43a47848f2881927af956b5_16x9_992.jpg,2020.0
3,2020-10-26,26.0,10.0,Joe Biden,ABC News,The Note: Biden plays on expanded map as Trump tends to base,https://s.abcnews.com/images/US/biden-pa-5-ap-rc-201024_1603557570050_hpMain_16x9_992.jpg,2020.0
4,2020-10-24,24.0,10.0,Donald Trump,ABC News,How Trump’s team spent most of the $1.6 billion it raised over 2 years - ABC News,https://s.abcnews.com/images/Politics/trump-3-gty-er-201023_1603491050148_hpMain_16x9_992.jpg,2020.0
5,2020-10-25,25.0,10.0,Donald Trump,Associated Press,"Pompeo, Esper to push Trump's anti-China message in India - The Associated Press",https://storage.googleapis.com/afs-prod/media/60b2257ba300481e92281649f855868b/3000.jpeg,2020.0
6,2020-10-29,29.0,10.0,Donald Trump,Associated Press,Wisconsin Republican Party says 'hackers' stole $2.3 million...,https://storage.googleapis.com/afs-prod/media/7845cf285dc54d9eb73cfc727d2d81df/3000.jpeg,2020.0
7,2020-10-29,29.0,10.0,Donald Trump,Associated Press,Donald paints apocalyptic portrait of life under Biden...,https://storage.googleapis.com/afs-prod/media/144816de7df542cfa3f8d3d2415751c2/3000.jpeg,2020.0
8,2020-10-26,26.0,10.0,Donald Trump,Associated Press,Focus on battlegrounds in 11th-hour pitch...,https://storage.googleapis.com/afs-prod/media/08cc974d84814776b2a4fc37785d9254/3000.jpeg,2020.0
9,2020-10-25,25.0,10.0,Donald Trump,Associated Press,MEADOWS: We're Not Going to Control It...,https://storage.googleapis.com/afs-prod/media/bfa46ffdbc024cac9026211e76934112/3000.jpeg,2020.0
10,2020-10-31,31.0,10.0,Donald Trump,Associated Press,AP FACT CHECK: Trump's voting wrongs; Biden's trade miss - Associated Press,https://storage.googleapis.com/afs-prod/media/7845cf285dc54d9eb73cfc727d2d81df/3000.jpeg,2020.0
11,2020-10-25,25.0,10.0,Donald Trump,Axios,Where Trump and his inner circle plan to spend election night,https://images.axios.com/eSArO2aspm3M0ONX5hC55eMO5Rw=/fit-in/1366x1366/2020/10/25/1603658439991.jpg,2020.0
12,2020-10-24,24.0,10.0,Donald Trump,Axios,"SurveyMonkey poll: Trump improves, but not enough",https://images.axios.com/PND2sLTIlmEDIc44Hd2a_zTGBnA=/fit-in/1366x1366/2020/10/24/1603499977134.jpg,2020.0
13,2020-10-24,24.0,10.0,Joe Biden,Axios,"SurveyMonkey poll: Trump improves, but not enough",https://images.axios.com/PND2sLTIlmEDIc44Hd2a_zTGBnA=/fit-in/1366x1366/2020/10/24/1603499977134.jpg,2020.0
14,2020-10-28,28.0,10.0,Joe Biden,Axios,Joe Biden would be worse for private equity than President Trump,https://images.axios.com/_CKdYeGh2pshyO0Sy6-cKIhd10M=/fit-in/1366x1366/2020/10/28/1603894868550.jpg,2020.0
15,2020-10-28,28.0,10.0,Donald Trump,Axios,Secret Israel-Sudan contacts paved the way for deal sealed by Trump,https://images.axios.com/n6JtctVEW8V_baR5NQRiZ7YUt4Q=/fit-in/1366x1366/2020/10/28/1603896525400.None,2020.0
16,2020-10-28,28.0,10.0,Donald Trump,Axios,Secret Israel-Sudan contacts paved the way for deal sealed by Trump,https://images.axios.com/n6JtctVEW8V_baR5NQRiZ7YUt4Q=/fit-in/1366x1366/2020/10/28/1603896525400.None,2020.0
17,2020-10-24,24.0,10.0,Joe Biden,Axios,Biden is highest-spending political candidate on TV ads,https://images.axios.com/vLhHSOoJMq5gGG-weEoW1PFeRJQ=/fit-in/1366x1366/2020/10/23/1603477762252.jpg,2020.0
18,2020-10-24,24.0,10.0,Joe Biden,Axios,Post-debate poll finds Biden strong on every major issue,https://images.axios.com/8HygnRw-2Yj4_bNnZBjqifT2q5s=/fit-in/1366x1366/2020/10/24/1603559031401.jpg,2020.0
19,2020-10-27,27.0,10.0,Donald Trump,Axios,Republicans and Democrats react to Amy Coney Barrett's confirmation,https://images.axios.com/YUpHcGB1v7Hzg9eLMAj9RwEuueQ=/fit-in/1366x1366/2020/10/27/1603767408339.jpg,2020.0
20,2020-10-30,30.0,10.0,Joe Biden,Axios,How Biden might tackle the Iran deal,https://images.axios.com/Tma0E38vylLZiaxC7j7S3Zr33lA=/fit-in/1366x1366/2020/10/30/1604044493427.jpg,2020.0
21,2020-10-25,25.0,10.0,Donald Trump,Axios,Biden team rebuffs Texas Democrats' pleas for more money,https://images.axios.com/8lXeavdL59IOGCv-q2MikSHsToI=/fit-in/1366x1366/2020/10/25/1603663018378.jpg,2020.0
22,2020-10-25,25.0,10.0,Joe Biden,Axios,Biden team rebuffs Texas Democrats' pleas for more money,https://images.axios.com/8lXeavdL59IOGCv-q2MikSHsToI=/fit-in/1366x1366/2020/10/25/1603663018378.jpg,2020.0
23,2020-10-26,26.0,10.0,Donald Trump,Breitbart News,"New York Post Endorses Donald Trump: 'Make America Great Again, Again'",https://media.breitbart.com/media/2020/10/New-York-Post-front-cover-Trump-endorsement-640x335.jpg,2020.0
24,2020-10-25,25.0,10.0,Donald Trump,Breitbart News,Trump Campaign Takes over YouTube Masthead with 7-figure Ad Buy,https://media.breitbart.com/media/2020/10/Donald-Trump-pointing-Getty-640x335.jpg,2020.0
25,2020-10-24,24.0,10.0,Joe Biden,Buzzfeed,I Am Curious If You Prefer Joe Biden Or Donald Trump In These Different Scenarios,"https://img.buzzfeed.com/buzzfeed-static/static/2020-10/23/18/enhanced/d6a1e4a686d8/original-526-1603476063-30.jpg?crop=1247:652;0,89%26downsize=1250:*",2020.0
26,2020-10-24,24.0,10.0,Donald Trump,Buzzfeed,I Am Curious If You Prefer Joe Biden Or Donald Trump In These Different Scenarios,"https://img.buzzfeed.com/buzzfeed-static/static/2020-10/23/18/enhanced/d6a1e4a686d8/original-526-1603476063-30.jpg?crop=1247:652;0,89%26downsize=1250:*",2020.0
27,2020-10-28,28.0,10.0,Donald Trump,CBC News,Former U.S. Homeland Security chief of staff outs himself as 'Anonymous' who wrote criticism of Trump,https://i.cbc.ca/1.4813529.1536267082!/fileImage/httpImage/image.jpg_gen/derivatives/16x9_620/usa-kuwait-trump.jpg,2020.0
28,2020-10-29,29.0,10.0,Donald Trump,CBC News,"Much will be known on U.S. election night, though it may not satisfy Trump",https://i.cbc.ca/1.5780300.1603908089!/fileImage/httpImage/image.jpg_gen/derivatives/16x9_620/election-2020-trump.jpg,2020.0
29,2020-10-29,29.0,10.0,Donald Trump,CBC News,Did Trump deliver on his first election promises?,https://thumbnails.cbc.ca/maven_legacy/thumbnails/461/739/us-elex-trump-record-hunter-281020.jpg,2020.0
30,2020-10-25,25.0,10.0,Donald Trump,CBC News,Biden blasts Trump as U.S. COVID-19 cases mount and Pence staff endures outbreak,https://i.cbc.ca/1.5776494.1603658423!/fileImage/httpImage/image.jpg_gen/derivatives/16x9_620/election-2020-trump.jpg,2020.0
31,2020-10-31,31.0,10.0,Donald Trump,CBC News,"Trump, Biden focus on Midwest battlegrounds in final days of campaign",https://thumbnails.cbc.ca/maven_legacy/thumbnails/356/683/us-elex-midwest-battleground-simpson-301020.jpg,2020.0
32,2020-10-27,27.0,10.0,Donald Trump,CBC News,"U.S. election to determine refugee policy, with stark differences in approach",https://i.cbc.ca/1.5778196.1603801322!/fileImage/httpImage/image.jpg_gen/derivatives/16x9_620/election-2020-trump.jpg,2020.0
33,2020-10-28,28.0,10.0,Joe Biden,CBC News,Canada quietly prepares for the possible challenges of a Biden presidency,https://i.cbc.ca/1.5779378.1603836668!/fileImage/httpImage/image.jpg_gen/derivatives/16x9_620/joe-biden-arrival-201507105.jpg,2020.0
34,2020-10-27,27.0,10.0,Donald Trump,CNN,Trump TV? This may be the President's next act,https://cdn.cnn.com/cnnnext/dam/assets/201027073232-the-point-trump-tv-super-tease.jpg,2020.0
35,2020-10-31,31.0,10.0,Donald Trump,CNN,See what 2016 promises Trump has kept,https://cdn.cnn.com/cnnnext/dam/assets/200710110527-trump-2-super-tease.jpg,2020.0
36,2020-10-31,31.0,10.0,Donald Trump,CNN,"Win or lose, with Trump, prepare for the unimaginable after the election",https://cdn.cnn.com/cnnnext/dam/assets/201030194342-trump-kasparov-oped-super-tease.jpg,2020.0
37,2020-10-25,25.0,10.0,Joe Biden,CNN,Road to 270: This red state is now a toss-up,https://cdn.cnn.com/cnnnext/dam/assets/201025090203-magic-wall-1025-super-tease.jpg,2020.0
38,2020-10-25,25.0,10.0,Joe Biden,CNN,'SNL' takes on the final presidential debate,https://cdn.cnn.com/cnnnext/dam/assets/201024235653-snl-10-24-3-super-tease.jpg,2020.0
39,2020-10-31,31.0,10.0,Donald Trump,CNN,Fact check: Trump and Biden's biggest lies from the campaign,https://cdn.cnn.com/cnnnext/dam/assets/201022030005-05-trump-biden-split-super-tease.jpg,2020.0
40,2020-10-31,31.0,10.0,Joe Biden,CNN,Fact check: Trump and Biden's biggest lies from the campaign,https://cdn.cnn.com/cnnnext/dam/assets/201022030005-05-trump-biden-split-super-tease.jpg,2020.0
41,2020-10-28,28.0,10.0,Donald Trump,CNN,'I'm offended': Columnist on Trump's appeals to female voters,https://cdn.cnn.com/cnnnext/dam/assets/201027213743-trump-for-vpx-super-tease.jpg,2020.0
42,2020-10-25,25.0,10.0,Donald Trump,CNN,Opinion: The ghost haunting the 2020 election,https://cdn.cnn.com/cnnnext/dam/assets/201025080142-trump-sworn-2017-super-tease.jpg,2020.0
43,2020-10-31,31.0,10.0,Joe Biden,CNN,"But the race between Biden and President Donald Trump is tighter in the battlegrounds of Arizona and North Carolina, CNN polls show",https://cdn.cnn.com/cnnnext/dam/assets/201030141258-03-biden-trump-election-night-split-super-tease.jpg,2020.0
44,2020-10-24,24.0,10.0,Joe Biden,CNN,NYT columnist: This is what I wish Biden said to Trump,https://cdn.cnn.com/cnnnext/dam/assets/201022221051-04-final-debate-1022-split-super-tease.jpg,2020.0
45,2020-10-24,24.0,10.0,Donald Trump,CNN,NYT columnist: This is what I wish Biden said to Trump,https://cdn.cnn.com/cnnnext/dam/assets/201022221051-04-final-debate-1022-split-super-tease.jpg,2020.0
46,2020-10-26,26.0,10.0,Donald Trump,MSNBC,Trump White House surrenders to the coronavirus,https://media11.s-nbcnews.com/j/MSNBC/Components/Video/202010/n_mj_intro_201026_1920x1080.nbcnews-fp-1200-630.jpg,2020.0
47,2020-10-24,24.0,10.0,Donald Trump,MSNBC,Trump has completely forgotten the 'forgotten man' he pandered to in 2016,https://media1.s-nbcnews.com/j/newscms/2020_43/3422613/201023-forgotten-man-trump-2x1_ee7949276018ce22afc89f28276d1306.nbcnews-fp-1200-630.jpg,2020.0
48,2020-10-26,26.0,10.0,Donald Trump,MSNBC,Why a group of suburban women in Ohio say they've turned against Trump,https://media13.s-nbcnews.com/j/MSNBC/Components/Video/202010/n_ruhle_jansing_201026_1920x1080.nbcnews-fp-1200-630.jpg,2020.0
49,2020-10-24,24.0,10.0,Donald Trump,MSNBC,Trump needs women and voters of color if he wants to beat Biden,https://media11.s-nbcnews.com/j/MSNBC/Components/Video/202010/n_bwms_bblock_201023_1920x1080.nbcnews-fp-1200-630.jpg,2020.0
50,2020-10-24,24.0,10.0,Joe Biden,MSNBC,Trump needs women and voters of color if he wants to beat Biden,https://media11.s-nbcnews.com/j/MSNBC/Components/Video/202010/n_bwms_bblock_201023_1920x1080.nbcnews-fp-1200-630.jpg,2020.0
51,2020-10-26,26.0,10.0,Donald Trump,MSNBC,The White House acknowledges that Trump isn’t even trying to contain coronavirus,https://media12.s-nbcnews.com/j/MSNBC/Components/Video/202010/n_wh_deadline_covid_201026_1920x1080.nbcnews-fp-1200-630.jpg,2020.0
52,2020-10-26,26.0,10.0,Joe Biden,MSNBC,Trump 'playing defense' in multiple states when it comes to the Electoral College,https://media12.s-nbcnews.com/j/MSNBC/Components/Video/202010/n_mtpd_clip_kornackiboard_201026_1920x1080.nbcnews-fp-1200-630.jpg,2020.0
53,2020-10-26,26.0,10.0,Donald Trump,MSNBC,Trump 'playing defense' in multiple states when it comes to the Electoral College,https://media12.s-nbcnews.com/j/MSNBC/Components/Video/202010/n_mtpd_clip_kornackiboard_201026_1920x1080.nbcnews-fp-1200-630.jpg,2020.0
54,2020-10-28,28.0,10.0,Donald Trump,MSNBC,Trump's closing argument to women? I got your husbands jobs,https://media13.s-nbcnews.com/j/MSNBC/Components/Video/202010/n_bwms_trumpwomen_201027_1920x1080.nbcnews-fp-1200-630.jpg,2020.0
55,2020-10-24,24.0,10.0,Joe Biden,MSNBC,"Biden reveals Covid plan as Trump mocks masks, holds rallies",https://media13.s-nbcnews.com/j/MSNBC/Components/Video/202010/n_bwms_a2_201023_1920x1080.nbcnews-fp-1200-630.jpg,2020.0
56,2020-10-24,24.0,10.0,Donald Trump,MSNBC,Trump signs order to ease packing government positions with loyalists,https://media11.s-nbcnews.com/j/MSNBC/Components/Video/202010/n_maddow_pack_201023_1920x1080.nbcnews-fp-1200-630.jpg,2020.0
57,2020-10-27,27.0,10.0,Donald Trump,MSNBC,'Gigantic baby': Trump plummets as his own execs back Biden,https://media13.s-nbcnews.com/j/MSNBC/Components/Video/202010/n_ari_trumppanel_201027_1920x1080.nbcnews-fp-1200-630.jpg,2020.0
58,2020-10-30,30.0,10.0,Donald Trump,MSNBC,Trump caves to foreign influence that Biden rejected,https://media14.s-nbcnews.com/j/MSNBC/Components/Video/202010/n_hayes_turkey_201029_1920x1080.nbcnews-fp-1200-630.jpg,2020.0
59,2020-10-28,28.0,10.0,Donald Trump,MSNBC,Biden and Obama blast 'con man' Trump for Covid-19 response,https://media14.s-nbcnews.com/j/MSNBC/Components/Video/202010/n_bwms_a2_201027_1920x1080.nbcnews-fp-1200-630.jpg,2020.0
60,2020-10-27,27.0,10.0,Joe Biden,National Review,Trump vs. Biden: A Rundown,https://i2.wp.com/www.nationalreview.com/wp-content/uploads/2020/10/donald-trump-joe-biden-main-2.jpg?fit=1200%2C700&ssl=1,2020.0
61,2020-10-27,27.0,10.0,Donald Trump,National Review,Trump vs. Biden: A Rundown,https://i2.wp.com/www.nationalreview.com/wp-content/uploads/2020/10/donald-trump-joe-biden-main-2.jpg?fit=1200%2C700&ssl=1,2020.0
62,2020-10-27,27.0,10.0,Donald Trump,National Review,Another Pollster Sees a Trump Win,https://i2.wp.com/www.nationalreview.com/wp-content/uploads/2020/10/debate-trump-2.jpg?fit=1200%2C700&ssl=1,2020.0
63,2020-10-26,26.0,10.0,Donald Trump,National Review,The Only Middle Finger Available,https://i2.wp.com/www.nationalreview.com/wp-content/uploads/2020/10/trump-rally-new-hampshire.jpg?fit=1200%2C700&ssl=1,2020.0
64,2020-10-28,28.0,10.0,Donald Trump,National Review,"Hell, Yes",https://i2.wp.com/www.nationalreview.com/wp-content/uploads/2020/10/trump-rally-pennsylvania-1.jpg?fit=1200%2C700&ssl=1,2020.0
65,2020-10-30,30.0,10.0,Donald Trump,National Review,In Defense of Trump’s National-Security Record,https://i0.wp.com/www.nationalreview.com/wp-content/uploads/2019/08/trump-flag-rally.jpg?fit=1200%2C700&ssl=1,2020.0
66,2020-10-27,27.0,10.0,Donald Trump,National Review,Clarence Thomas Swears In Amy Coney Barrett to the Supreme Court,https://i1.wp.com/www.nationalreview.com/wp-content/uploads/2020/10/amy-coney-barrett-swearing-in-1.jpg?fit=1200%2C700&ssl=1,2020.0
67,2020-10-30,30.0,10.0,Donald Trump,National Review,Republicans Face a Dogfight in Georgia,https://i1.wp.com/www.nationalreview.com/wp-content/uploads/2020/10/Trump-in-Georgia.jpg?fit=1200%2C700&ssl=1,2020.0
68,2020-10-28,28.0,10.0,Joe Biden,National Review,How COVID Could Become a Vulnerability for Biden in the Campaign’s Home Stretch,https://i0.wp.com/www.nationalreview.com/wp-content/uploads/2020/10/joe-biden-covid-19-plan-speech.jpg?fit=1200%2C700&ssl=1,2020.0
69,2020-10-28,28.0,10.0,Joe Biden,National Review,Rick Scott Criticizes Twitter for Allowing Posts by Foreign Dictators while Flagging Trump Tweets,https://i1.wp.com/www.nationalreview.com/wp-content/uploads/2020/10/rick-scott.jpg?fit=1200%2C701&ssl=1,2020.0
70,2020-10-29,29.0,10.0,Donald Trump,National Review,Wisconsin’s Uptick in ‘Shy’ Voters Isn’t Great News for Trump or Biden,https://i0.wp.com/www.nationalreview.com/wp-content/uploads/2020/10/Trump-and-Biden.jpg?fit=1200%2C700&ssl=1,2020.0
71,2020-10-29,29.0,10.0,Donald Trump,National Review,Wisconsin’s Uptick in ‘Shy’ Voters Isn’t Great News for Trump or Biden,https://i0.wp.com/www.nationalreview.com/wp-content/uploads/2020/10/Trump-and-Biden.jpg?fit=1200%2C700&ssl=1,2020.0
72,2020-10-30,30.0,10.0,Joe Biden,National Review,Dire Rates: The Biden Tax Plan,https://i1.wp.com/www.nationalreview.com/wp-content/uploads/2020/10/joe-biden-cincinnati-ohio.jpg?fit=1200%2C700&ssl=1,2020.0
73,2020-10-26,26.0,10.0,Donald Trump,National Review,Evaluating the Impact of Biden’s Energy Policy,https://i1.wp.com/www.nationalreview.com/wp-content/uploads/2020/10/joe-biden-dallas-pa.jpg?fit=1200%2C700&ssl=1,2020.0
74,2020-10-27,27.0,10.0,Joe Biden,National Review,The Capital Note: Blue Waving (or Drowning?),https://i0.wp.com/www.nationalreview.com/wp-content/uploads/2020/10/joe-biden-erie-pa.jpg?fit=1200%2C700&ssl=1,2020.0
75,2020-10-31,31.0,10.0,Donald Trump,National Review,"Pennsylvania Poll: Biden 49, Trump 44",https://i2.wp.com/www.nationalreview.com/wp-content/uploads/2020/10/donald-trump-rally-pennsylvania-1.jpg?fit=1200%2C700&ssl=1,2020.0
76,2020-10-30,30.0,10.0,Donald Trump,National Review,"Promises, Promises",https://i1.wp.com/www.nationalreview.com/wp-content/uploads/2020/10/debate-trump-6.jpg?resize=300%2C300&ssl=1,2020.0
77,2020-10-28,28.0,10.0,Donald Trump,National Review,"A Proxy Editorial? No, Not Maybe",https://i1.wp.com/www.nationalreview.com/wp-content/uploads/2020/10/donald-trump-reporters.jpg?resize=300%2C300&ssl=1,2020.0
78,2020-10-28,28.0,10.0,Donald Trump,National Review,"Marquette’s Final Wisconsin Poll: Biden 48, Trump 43",https://i1.wp.com/www.nationalreview.com/wp-content/uploads/2020/10/joe-biden-dallas-pa.jpg?resize=300%2C300&ssl=1,2020.0
79,2020-10-28,28.0,10.0,Donald Trump,NBC News,Trump campaign website hacked,https://media1.s-nbcnews.com/j/newscms/2020_44/3423508/201027-donald-trump-ew-724p_0e38b01c3941a3751fa3d61f5ccc2bb5.nbcnews-fp-1200-630.jpg,2020.0
80,2020-10-26,26.0,10.0,Joe Biden,NBC News,The U.S. election could shape the world like none before,https://media3.s-nbcnews.com/j/newscms/2020_42/3419346/200922-world-watches-us-analysis-main-cover-cs_0_226b7c796c8e869290a9a38015eac8a2.nbcnews-fp-1200-630.jpg,2020.0
81,2020-10-28,28.0,10.0,Donald Trump,NBC News,"In battleground states, Trump grapples with a surging opponent: The coronavirus",https://media4.s-nbcnews.com/j/newscms/2020_44/3423503/201027-donald-trump-lansing-michigan-ew-721p_53bda5f527fb23158f61174cac374a8e.nbcnews-fp-1200-630.jpg,2020.0
82,2020-10-26,26.0,10.0,Joe Biden,NBC News,Putin rejects Trump's criticism of Hunter Biden's business,https://media2.s-nbcnews.com/j/newscms/2020_44/3422929/201026-biden-putin-mc-7592_6f6c1054146717e49b5b49d191125042.nbcnews-fp-1200-630.jpg,2020.0
83,2020-10-29,29.0,10.0,Donald Trump,NBC News,"One battleground state, two rallies — and dueling versions of reality",https://media3.s-nbcnews.com/j/newscms/2020_44/3423862/201028-2x1-donald-trump-kamala-harris-ew-957p_e1d76bff2dd3d37ff12945a93db273f0.nbcnews-fp-1200-630.jpg,2020.0
84,2020-10-30,30.0,10.0,Donald Trump,NBC News,"Trump, Biden tout polar-opposite coronavirus messages in Midwest barnstorm",https://media4.s-nbcnews.com/j/newscms/2020_44/3424486/201030-donald-trump-se-350p_8195968114eba56b1633926e00369fae.nbcnews-fp-1200-630.jpg,2020.0
85,2020-10-30,30.0,10.0,Donald Trump,NBC News,"Trump, Biden tout polar-opposite coronavirus messages in Midwest barnstorm",https://media4.s-nbcnews.com/j/newscms/2020_44/3424486/201030-donald-trump-se-350p_8195968114eba56b1633926e00369fae.nbcnews-fp-1200-630.jpg,2020.0
86,2020-10-30,30.0,10.0,Donald Trump,NBC News,National security adviser O'Brien jockeys for future spot in a Trump administration,https://media2.s-nbcnews.com/j/newscms/2020_44/3424121/201029-donald-trump-robert-obrien-jm-1639_d717d2e361cc273811e4dbde8a88a052.nbcnews-fp-1200-630.jpg,2020.0
87,2020-10-29,29.0,10.0,Donald Trump,NBC News,Biden vows to pass LGBTQ rights legislation in first 100 days,https://media1.s-nbcnews.com/j/newscms/2020_44/3423960/201029-biden-mn-0855_646bb7d78a687f1b97f15b66b2c76c74.nbcnews-fp-1200-630.JPG,2020.0
88,2020-10-31,31.0,10.0,Donald Trump,NBC News,Why Trump is finally losing the military vote,https://media2.s-nbcnews.com/j/newscms/2020_44/3139446/191209-trump-afghanistan-mc-10202_2cfd3f9b7673ee028283e65d49aba282.nbcnews-fp-1200-630.JPG,2020.0
89,2020-10-30,30.0,10.0,Joe Biden,NBC News,Poll: Biden leads Trump by six in North Carolina,https://media2.s-nbcnews.com/j/newscms/2020_39/3414368/200923-joe-biden-al-1401_23d2f60d91d9e491c106329bf47c1d52.nbcnews-fp-1200-630.jpg,2020.0
90,2020-10-25,25.0,10.0,Donald Trump,NBC News,Trump travel anticipates race decided by one Electoral College vote,https://media4.s-nbcnews.com/j/newscms/2020_43/3422882/201025-donald-trump-north-carolina-jm-1448_3761c78bcb6803d91b93fd938bd6fde3.nbcnews-fp-1200-630.jpg,2020.0
91,2020-10-30,30.0,10.0,Joe Biden,NBC News,"In Miami, coalition of Latino evangelical leaders endorses Biden",https://media2.s-nbcnews.com/j/newscms/2020_44/3424487/201030-joe-biden-florida-se-402p_8e2725bdc17b8ea586be7f1d32771438.nbcnews-fp-1200-630.jpg,2020.0
92,2020-10-29,29.0,10.0,Joe Biden,NBC News,"In dueling Florida rallies, Trump and Biden paint different pictures of Covid — and America",https://media2.s-nbcnews.com/j/newscms/2020_44/3424079/201029-joe-biden-florida-jm-1513_ccefe0b7f56f6a212526f0724d635cca.nbcnews-fp-1200-630.jpg,2020.0
93,2020-10-27,27.0,10.0,Donald Trump,NBC News,5 things to watch in the 2020 campaign's final week,https://media2.s-nbcnews.com/j/newscms/2020_44/3423377/201027-trump-biden-debate-broadcast-jm-1239_5e0b7fc19273340c10d279e4f0d84a29.nbcnews-fp-1200-630.jpg,2020.0
94,2020-10-25,25.0,10.0,Donald Trump,NBC News,Trump's Twitter promises to U.S. troops were good PR. But he hasn't kept them.,https://media4.s-nbcnews.com/j/newscms/2020_43/3125321/191128-donald-trump-afghanistan-ew-508p_b0c755aa7b237847a72da60a4d83a115.nbcnews-fp-1200-630.jpg,2020.0
95,2020-10-28,28.0,10.0,Donald Trump,Politico,"Poll: Biden posts double-digit lead in Wisconsin, smaller edge in Michigan",https://static.politico.com/02/f3/270932754fe6931e1ce885728e10/201028-joe-biden-gty-773.jpg,2020.0
96,2020-10-26,26.0,10.0,Donald Trump,Politico,"Poll: Biden, Trump virtually tied in Georgia",https://static.politico.com/84/df/c1f46dc94b86a048714c1441e37f/ap20298464647139.jpg,2020.0
97,2020-10-28,28.0,10.0,Donald Trump,Politico,Trump campaign website defaced with message saying Americans 'have no choice' in election,https://static.politico.com/47/fa/6e9e581f45ba9183731229cd111f/gettyimages-1282572407-1.jpg,2020.0
98,2020-10-25,25.0,10.0,Joe Biden,Politico,Polls: Biden slightly ahead in Florida and North Carolina,https://static.politico.com/a7/e4/bb7e1d2b43a3ac3ec7d0cf88c212/ap20271649893052.jpg,2020.0
99,2020-10-29,29.0,10.0,Donald Trump,Politico,Poll: Biden leads by 5 in Florida,https://static.politico.com/1c/c5/b4cb57c741e5af78eb14c844c24c/ap20099791936835-1.jpg,2020.0
100,2020-10-29,29.0,10.0,Donald Trump,Politico,Poll: Biden leads by 5 in Florida,https://static.politico.com/1c/c5/b4cb57c741e5af78eb14c844c24c/ap20099791936835-1.jpg,2020.0
101,2020-10-29,29.0,10.0,Joe Biden,Politico,Poll: Biden up 7 on Trump in Pennsylvania,https://static.politico.com/2a/7d/16b45b66481b8f8961d52b0a4b78/20201029-joe-biden-ap-773.jpg,2020.0
102,2020-10-27,27.0,10.0,Donald Trump,Politico,Trump’s closing argument: Forget about Covid,https://static.politico.com/dc/71/c9f41ad64107ba6dca8ac02fe3c2/gettyimages-1229298472-1.jpg,2020.0
103,2020-10-31,31.0,10.0,Joe Biden,Politico,CNN poll: Biden leads Trump in key battleground states,https://static.politico.com/44/f8/abd4123f45ec890816ec6bd755f2/201031-joe-biden-gty-773.jpg,2020.0
104,2020-10-26,26.0,10.0,Donald Trump,Politico,Poll: Trump ahead of Biden by single digits in Texas,https://static.politico.com/a0/1b/a2f1a3134300840713a2331bc39e/201026-donald-trump-gty-773.jpg,2020.0
105,2020-10-26,26.0,10.0,Donald Trump,Politico,Trump and Pence attempt another come-from-behind act,https://static.politico.com/43/d5/868095814055bfecc3a2a6b7073f/gettyimages-1228712999-1.jpg,2020.0
106,2020-10-26,26.0,10.0,Donald Trump,Politico,Trump and Pence attempt another come-from-behind act,https://static.politico.com/43/d5/868095814055bfecc3a2a6b7073f/gettyimages-1228712999-1.jpg,2020.0
107,2020-10-25,25.0,10.0,Donald Trump,Politico,Trump team bets on local coverage to cover cash shortfall,https://static.politico.com/01/51/49ed1a1549a287e378477f31a0d5/trump-duluth-773-ap.jpg,2020.0
108,2020-10-31,31.0,10.0,Donald Trump,Politico,Study links Trump rallies to more than 700 Covid deaths,https://static.politico.com/13/c5/9546a4af4987ae23d96540844252/201021-trump-iowa-gty-773.jpg,2020.0
109,2020-10-26,26.0,10.0,Donald Trump,Politico,Biden flips script on Trump in campaign’s final week,https://static.politico.com/e4/86/c4e1d4ae45bfae3d3a47e7ef7223/gettyimages-1229279582-1.jpg,2020.0
110,2020-10-29,29.0,10.0,Donald Trump,Politico,Wisconsin GOP says hackers stole $2.3M from Trump reelection fund,https://static.politico.com/85/52/a79465a34957a0b5f9633bce3c82/ap20255820099032.jpg,2020.0
111,2020-10-26,26.0,10.0,Donald Trump,Politico,Trump's final pitch to Pennsylvania: I love fracking,https://static.politico.com/35/61/0974fba74b3c80dc6a4936ab5029/20201026-donald-trump-ap-773.jpg,2020.0
112,2020-10-30,30.0,10.0,Joe Biden,Politico,Biden blasts Trump for saying doctors are using Covid to boost payments,https://static.politico.com/38/b7/370d42dc47f7a7ff5ba3834d87a8/201030-biden-minn-ap-773.jpg,2020.0
113,2020-10-29,29.0,10.0,Joe Biden,Politico,Poll: Biden holds narrow lead among Florida Hispanics,https://static.politico.com/29/ae/edef756b4b3cbe210f3e19539497/gettyimages-1228535156-1.jpg,2020.0
114,2020-10-29,29.0,10.0,Donald Trump,Politico,MMA fighters line up in Trump’s corner,https://static.politico.com/2e/87/753d72724fa1adf2c19f05111152/201028-trump-ufc-ap-773.jpg,2020.0
115,2020-10-26,26.0,10.0,Joe Biden,Politico,Biden: Trump's view of suburbs is 'not who we are',https://static.politico.com/9d/aa/c7947eb04f0c93112fda23a7202a/201025-biden-60mins-ap-773.jpg,2020.0
116,2020-10-31,31.0,10.0,Donald Trump,Reuters,"Trump derides doctors as COVID surges, Biden says Trump 'giving up' on virus - Reuters India",https://static.reuters.com/resources/r/?m=02&d=20201031&t=2&i=1539492112&r=LYNXMPEG9U012&w=800,2020.0
117,2020-10-26,26.0,10.0,Donald Trump,Reuters,Harris 'will not be the first woman president' -Trump - Reuters,https://static.reuters.com/resources/r/?d=20201026&i=OVD1RTAE7&r=OVD1RTAE7&t=2,2020.0
118,2020-10-24,24.0,10.0,Donald Trump,Reuters,New Florida resident Trump casts presidential ballot for himself - Reuters,https://static.reuters.com/resources/r/?m=02&d=20201024&t=2&i=1538695845&r=LYNXMPEG9N0DO&w=800,2020.0
119,2020-10-31,31.0,10.0,Donald Trump,Reuters,"Brash and pugnacious, Trump has presided over a tumultuous presidency - Reuters",https://static.reuters.com/resources/r/?m=02&d=20201031&t=2&i=1539509247&r=LYNXMPEG9U090&w=800,2020.0
120,2020-10-28,28.0,10.0,Donald Trump,The Hill,NYT: Trump had $287 million in debt mostly tied to Chicago project forgiven,https://thehill.com/sites/default/files/trumpdonald_102320getty_memo.jpg,2020.0
121,2020-10-30,30.0,10.0,Donald Trump,The Hill,Trump administration pressured federal prosecutors to settle investigation into Turkish bank: report,https://thehill.com/sites/default/files/trumpdonald1_10302020_gettyimages.jpg,2020.0
122,2020-10-25,25.0,10.0,Joe Biden,The Hill,Biden campaign aide: Trump trying to distort former vice president's position on oil,https://thehill.com/sites/default/files/bidenjoe_102420getty.jpg,2020.0
123,2020-10-28,28.0,10.0,Joe Biden,The Hill,Biden maintains 5-point lead over Trump in Wisconsin: poll,https://thehill.com/sites/default/files/trumpdonald_bidenjoe_083120getty_wisconsin.jpg,2020.0
124,2020-10-28,28.0,10.0,Donald Trump,The Hill,Biden maintains 5-point lead over Trump in Wisconsin: poll,https://thehill.com/sites/default/files/trumpdonald_bidenjoe_083120getty_wisconsin.jpg,2020.0
125,2020-10-25,25.0,10.0,Donald Trump,The Hill,Trump has list of top intelligence officials he'll fire if he wins reelection: report,https://thehill.com/sites/default/files/trumpdonald_102420youtube.png,2020.0
126,2020-10-31,31.0,10.0,Donald Trump,The Hill,Biden leads Trump by 8 points nationally: poll,https://thehill.com/sites/default/files/bidenjoe_trumpdonald_102920getty_split_contrarian.jpg,2020.0
127,2020-10-31,31.0,10.0,Joe Biden,The Hill,Biden leads Trump by 8 points nationally: poll,https://thehill.com/sites/default/files/bidenjoe_trumpdonald_102920getty_split_contrarian.jpg,2020.0
128,2020-10-30,30.0,10.0,Donald Trump,The Hill,New poll shows Biden leading Trump by 6 points in North Carolina,https://thehill.com/sites/default/files/trumpdonald_bidenjoe3_102220getty.jpg,2020.0
129,2020-10-30,30.0,10.0,Joe Biden,The Hill,New poll shows Biden leading Trump by 6 points in North Carolina,https://thehill.com/sites/default/files/trumpdonald_bidenjoe3_102220getty.jpg,2020.0
130,2020-10-28,28.0,10.0,Joe Biden,The Hill,Biden leads Trump by 12 in new national poll,https://thehill.com/sites/default/files/bidenjoe3_10282020getty.jpg,2020.0
131,2020-10-31,31.0,10.0,Joe Biden,The Hill,Oct. 31: Where Trump and Biden will be campaigning,https://thehill.com/sites/default/files/trumpdonald_bidenjoe_072420getty_split_lawyers.jpg,2020.0
132,2020-10-31,31.0,10.0,Donald Trump,The Hill,Oct. 31: Where Trump and Biden will be campaigning,https://thehill.com/sites/default/files/trumpdonald_bidenjoe_072420getty_split_lawyers.jpg,2020.0
133,2020-10-26,26.0,10.0,Donald Trump,The Hill,Trump rips Biden in scramble to win Pennsylvania,https://thehill.com/sites/default/files/trumpdonald2_10262020getty.jpg,2020.0
134,2020-10-26,26.0,10.0,Donald Trump,The Hill,"Poll shows deadlocked races for president, Senate seat in Georgia",https://thehill.com/sites/default/files/trumpdonald_102320getty_memo.jpg,2020.0
135,2020-10-27,27.0,10.0,Donald Trump,The Hill,"Maine orchard that hosted Trump event says it's concerned over lack of masks, social distancing",https://thehill.com/sites/default/files/trumpdonald.pumpkin.1025.jpg,2020.0
136,2020-10-27,27.0,10.0,Donald Trump,The Hill,NBC moves Texas to 'tossup' in presidential race,https://thehill.com/sites/default/files/trumpbiden.jpg,2020.0
137,2020-10-27,27.0,10.0,Joe Biden,The Hill,NBC moves Texas to 'tossup' in presidential race,https://thehill.com/sites/default/files/trumpbiden.jpg,2020.0
138,2020-10-27,27.0,10.0,Donald Trump,The Hill,Trump's pitch to women on coronavirus recovery: 'We're getting your husbands back to work',https://thehill.com/sites/default/files/trumpdonald_newhampshire_102520getty.jpg,2020.0
139,2020-10-29,29.0,10.0,Joe Biden,The Hill,"Biden, Cunningham hold narrow leads in North Carolina: poll",https://thehill.com/sites/default/files/bidenjoe_102720getty.jpg,2020.0
140,2020-10-24,24.0,10.0,Donald Trump,The Hill,Sanders hits back at Trump's attack on 'socialized medicine',https://thehill.com/sites/default/files/sandersbernie_trumpdonald_090219getty.jpg,2020.0
141,2020-10-24,24.0,10.0,Donald Trump,The Hill,Trump campaign asks court to block early vote counting in Nevada,https://thehill.com/sites/default/files/trumpdonald2_102420getty.jpg,2020.0
142,2020-10-30,30.0,10.0,Donald Trump,The Wall Street Journal,Trump’s Already Won - The Wall Street Journal,https://images.wsj.net/im-251892/social,2020.0
143,2020-10-28,28.0,10.0,Donald Trump,The Wall Street Journal,Plays Defense as Biden Looks to Expand Electoral Map...,https://images.wsj.net/im-249830/social,2020.0
144,2020-10-28,28.0,10.0,Joe Biden,The Wall Street Journal,Plays Defense as Biden Looks to Expand Electoral Map...,https://images.wsj.net/im-249830/social,2020.0
145,2020-10-30,30.0,10.0,Donald Trump,The Wall Street Journal,"Trump Embraces GDP Growth, as Biden Warns That US Is Still in 'Deep Hole' - msnNOW",https://img-s-msn-com.akamaized.net/tenant/amp/entityid/BB1awpv1.img?h=315&w=600&m=6&q=60&o=t&l=f&f=jpg&x=294&y=90,2020.0
146,2020-10-28,28.0,10.0,Joe Biden,The Wall Street Journal,Lawmakers Urge Next Administration to Focus on Cybersecurity - Wall Street Journal,https://images.wsj.net/im-250688/social,2020.0
147,2020-10-28,28.0,10.0,Joe Biden,The Wall Street Journal,WSJ Opinion: Vote for Joe Biden? Seriously?,http://m.wsj.net/video/20201028/102820opvidwonderland/102820opvidwonderland_1280x720.jpg,2020.0
148,2020-10-31,31.0,10.0,Donald Trump,The Washington Post,"So, while we're waiting -- will Pence ever be president?",https://s.hdnux.com/photos/01/15/01/46/20191624/3/rawImage.jpg,2020.0
149,2020-10-26,26.0,10.0,Donald Trump,USA Today,"Melania Trump, president host hundreds at socially distant Halloween celebration","https://www.gannett-cdn.com/presto/2020/10/26/USAT/aaeb74db-7596-46d3-86eb-ac1d572130c3-AFP_AFP_8TV2J6.jpg?crop=4999,2812,x0,y0&width=3200&height=1801&format=pjpg&auto=webp",2020.0
150,2020-10-24,24.0,10.0,Donald Trump,USA Today,Fact check: Trump did not mean actual 'coyotes' take children across the border,"https://www.gannett-cdn.com/presto/2020/10/23/USAT/19da9295-1669-4dc4-bbfb-386ac916848f-VPC_DEBATE_TRUMP_IMMIGRATION_DESK_THUMB.jpg?crop=1911,1075,x4,y0&width=1600&height=800&fit=bounds",2020.0
151,2020-10-30,30.0,10.0,Joe Biden,USA Today,Where the presidential candidates are traveling in the run-up to Election day,"https://www.gannett-cdn.com/presto/2020/10/29/USAT/cab4f0b8-4d34-4123-8296-0657757ada71-Campaign-travel-promo-01.png?crop=855,481,x1005,y807&width=1200",2020.0
152,2020-10-30,30.0,10.0,Donald Trump,USA Today,Where the presidential candidates are traveling in the run-up to Election day,"https://www.gannett-cdn.com/presto/2020/10/29/USAT/cab4f0b8-4d34-4123-8296-0657757ada71-Campaign-travel-promo-01.png?crop=855,481,x1005,y807&width=1200",2020.0
153,2020-10-29,29.0,10.0,Donald Trump,USA Today,Fact check: Claim that Trump proposed a 'Space Navy' is false. It started as a parody.,"https://www.gannett-cdn.com/presto/2020/05/30/PBIN/9b61a6ad-7814-4cb8-ac92-eedabb6127f7-GettyImages-1236099474.jpg?crop=2203,1239,x602,y1261&width=3200&height=1680&fit=bounds",2020.0
154,2020-10-28,28.0,10.0,Donald Trump,USA Today,'Anonymous' revealed: Former aide Miles Taylor says he wrote scathing opinion piece on Donald Trump,"https://www.gannett-cdn.com/presto/2020/10/17/USAT/97002dcd-7070-4982-9ad3-30e569d61a73-AP20291795126974.jpg?crop=4458,2508,x0,y226&width=3200&height=1680&fit=bounds",2020.0
155,2020-10-31,31.0,10.0,Donald Trump,USA Today,'Politically correct': Trump pokes Fox News Host Laura Ingraham for wearing a mask,"https://www.gannett-cdn.com/presto/2020/10/28/USAT/0e4f739a-63ae-45f9-87ec-01d6b918ecbc-VPC_TRUMP_ON_HUSBANDS_BACK_TO_WORK_DESK_THUMB.jpg?crop=1911,1075,x0,y0&width=1911&height=1075&format=pjpg&auto=webp",2020.0
156,2020-10-30,30.0,10.0,Joe Biden,USA Today,"The Backstory: Here's what our reporters are watching for in key swing states Tuesday, and what you can expect from us.","https://www.gannett-cdn.com/presto/2020/10/12/USAT/572eb25d-af11-4686-9704-0c37632b15a3-promo.jpg?crop=689,388,x41,y455&width=689&height=388&format=pjpg&auto=webp",2020.0
157,2020-10-29,29.0,10.0,Donald Trump,USA Today,Fact check: Joe Biden misspoke about his campaign's voter protection efforts,https://www.gannett-cdn.com/-mm-/800031ae944a77f9dcf37ced13ea92efca5ea539/c=0-253-3808-2395/local/-/media/2016/03/09/USATODAY/usatsports/joe_biden.jpg?width=3200&height=1680&fit=crop,2020.0
158,2020-10-31,31.0,10.0,Donald Trump,USA Today,"Trump and Biden campaigns, Halloween, daylight saving time ends: 5 things to know this weekend",https://s.yimg.com/ny/api/res/1.2/Lk2miT6wclIZ8dN7QWZ.fQ--/YXBwaWQ9aGlnaGxhbmRlcjt3PTIwMDA7aD0xMTUz/https://s.yimg.com/uu/api/res/1.2/6Lq7UZ2ZbGgM1Z36eBfK6A--~B/aD0yMDQ2O3c9MzU0OTtzbT0xO2FwcGlkPXl0YWNoeW9u/https://media.zenfs.com/en-us/usa_today_news_641/924a0e6d8aa6750ee36442db88fe485c,2020.0
159,2020-10-31,31.0,10.0,Donald Trump,Associated Press,Expect a lot more of the same if Trump wins a second term - Associated Press,https://storage.googleapis.com/afs-prod/media/d3a0a4824a364ce8a1a3b435543ab32e/3000.jpeg,2020.0
160,2020-10-29,29.0,10.0,Donald Trump,Associated Press,Two attendees at Trump North Carolina rally get COVID-19 - Associated Press,https://storage.googleapis.com/afs-prod/media/3142c81227a34152a676f49f9f09d2a4/3000.jpeg,2020.0
161,2020-10-27,27.0,10.0,Donald Trump,Associated Press,"If Trump wanted people to avoid '60 Minutes,' it didn't work - Associated Press",https://storage.googleapis.com/afs-prod/media/c82e8e592ce6453ab859b1c4e630a7cf/3000.jpeg,2020.0
162,2020-10-30,30.0,10.0,Joe Biden,Associated Press,"Biden returns to Iowa; Trump plays defense in Mich., Wis. - The Associated Press",https://storage.googleapis.com/afs-prod/media/fd44c25b36544989b2231fc417c8c8ca/3000.jpeg,2020.0
163,2020-10-26,26.0,10.0,Joe Biden,Breitbart News,Joe Biden: Hunter Biden Email Story ‘a Smear Campaign’,https://media.breitbart.com/media/2020/09/biden-1-640x335.png,2020.0
164,2020-10-25,25.0,10.0,Joe Biden,Breitbart News,Watch: Joe Biden Cuts Off Reporter During Question on Hunter Biden,https://media.breitbart.com/media/2020/10/joe-biden-story-octobert-18-2020-ap-photo-640x335.jpg,2020.0
165,2020-10-30,30.0,10.0,Joe Biden,Breitbart News,Trump Campaign: ‘Not Believable’ Joe Biden Did Not Know of Reported FBI Hunter Biden Investigation,https://media.breitbart.com/media/2019/05/joe-biden-hunter-biden-2010-4-getty-640x335.jpg,2020.0
166,2020-10-29,29.0,10.0,Joe Biden,Breitbart News,Joe Biden Praises Hunter Biden as the ‘Smartest Guy I Know’,https://media.breitbart.com/media/2020/10/48957845831_06432f3d8c_o-640x335.jpg,2020.0
167,2020-10-29,29.0,10.0,Joe Biden,CBC News,Presidential race shaping up to be tight in northern Maine,https://i.cbc.ca/1.5751856.1601992905!/fileImage/httpImage/image.jpg_gen/derivatives/16x9_620/trump-biden-composite.jpg,2020.0
168,2020-10-29,29.0,10.0,Donald Trump,CBC News,Presidential race shaping up to be tight in northern Maine,https://i.cbc.ca/1.5751856.1601992905!/fileImage/httpImage/image.jpg_gen/derivatives/16x9_620/trump-biden-composite.jpg,2020.0
169,2020-10-27,27.0,10.0,Joe Biden,CNN,Fact-checking Biden on '60 Minutes',https://cdn.cnn.com/cnnnext/dam/assets/201022082939-biden-60-minutes-super-tease.jpg,2020.0
170,2020-10-26,26.0,10.0,Joe Biden,CNN,Road to 270: Biden leading in these battleground states,https://cdn.cnn.com/cnnnext/dam/assets/201026171550-biden-leads-jk-magic-wall-vpx-super-tease.jpg,2020.0
171,2020-10-30,30.0,10.0,Donald Trump,CNN,Road to 270: This is Trump's path to victory,https://cdn.cnn.com/cnnnext/dam/assets/201030192313-road-to-270-john-king-magic-wall-texas-trump-path-sot-tsr-vpx-00001616-super-tease.jpg,2020.0
172,2020-10-31,31.0,10.0,Joe Biden,CNN,Rivals in landmark marriage equality suit: We are both voting for Biden,https://cdn.cnn.com/cnnnext/dam/assets/201027143925-01-biden-ga-1027-super-tease.jpg,2020.0
173,2020-10-26,26.0,10.0,Joe Biden,CNN,See the '60 Minutes' interview that Trump cut short,https://cdn.cnn.com/cnnnext/dam/assets/201026001106-trump-biden-60-minutes-super-tease.jpg,2020.0
174,2020-10-26,26.0,10.0,Donald Trump,CNN,See the '60 Minutes' interview that Trump cut short,https://cdn.cnn.com/cnnnext/dam/assets/201026001106-trump-biden-60-minutes-super-tease.jpg,2020.0
175,2020-10-28,28.0,10.0,Donald Trump,CNN,Trump touts 'America First' but Biden wary of 'America alone',https://cdn.cnn.com/cnnnext/dam/assets/201022110005-05-trump-biden-split-super-tease.jpg,2020.0
176,2020-10-28,28.0,10.0,Joe Biden,CNN,Trump touts 'America First' but Biden wary of 'America alone',https://cdn.cnn.com/cnnnext/dam/assets/201022110005-05-trump-biden-split-super-tease.jpg,2020.0
177,2020-10-30,30.0,10.0,Donald Trump,CNN,Analysis: Trump and Biden cross paths in Florida as virus rages,https://cdn.cnn.com/cnnnext/dam/assets/200828000814-trump-biden-acceptance-speech-covid-split-super-tease.jpg,2020.0
178,2020-10-30,30.0,10.0,Joe Biden,CNN,Analysis: Trump and Biden cross paths in Florida as virus rages,https://cdn.cnn.com/cnnnext/dam/assets/200828000814-trump-biden-acceptance-speech-covid-split-super-tease.jpg,2020.0
179,2020-10-26,26.0,10.0,Joe Biden,CNN,"Whether Trump or Biden wins in November, Beijing will be hoping to reset the US-China relationship",https://cdn.cnn.com/cnnnext/dam/assets/200409020412-biden-trump-split-super-tease.jpg,2020.0
180,2020-10-26,26.0,10.0,Donald Trump,CNN,Melania Trump to make belated campaign trail appearance,https://cdn.cnn.com/cnnnext/dam/assets/201022165949-01-trump-melania-debate-departure-1022-super-tease.jpg,2020.0
181,2020-10-24,24.0,10.0,Joe Biden,MSNBC,Biden: 'I'm not banning fracking in Pennsylvania or anywhere else',https://media11.s-nbcnews.com/j/MSNBC/Components/Video/202010/n_witt_brk_bidenpa_201024_1920x1080.nbcnews-fp-1200-630.jpg,2020.0
182,2020-10-30,30.0,10.0,Donald Trump,MSNBC,Steve Kornacki on what keeps him up at night,https://media11.s-nbcnews.com/j/MSNBC/Components/Video/202010/n_wh_deadline_kornacki_201030_1920x1080.nbcnews-fp-1200-630.jpg,2020.0
183,2020-10-30,30.0,10.0,Donald Trump,MSNBC,Steve Kornacki on what keeps him up at night,https://media11.s-nbcnews.com/j/MSNBC/Components/Video/202010/n_wh_deadline_kornacki_201030_1920x1080.nbcnews-fp-1200-630.jpg,2020.0
184,2020-10-27,27.0,10.0,Joe Biden,MSNBC,"How Biden campaign, supporters can maximize momentum before Election Day",https://media12.s-nbcnews.com/j/MSNBC/Components/Video/202010/n_lw_plouffe1_201026_1920x1080.nbcnews-fp-1200-630.jpg,2020.0
185,2020-10-27,27.0,10.0,Joe Biden,MSNBC,My election anxiety scoffs at your 'numbers' and 'data',https://media3.s-nbcnews.com/j/newscms/2020_44/3423160/201026-ms-daily-roundup-cs_2c48dd746b73eaac9795bee6191d45fb.nbcnews-fp-1200-630.jpg,2020.0
186,2020-10-29,29.0,10.0,Joe Biden,MSNBC,Joe Biden pledges to reunite the over 500 migrant children still separated from their parents,https://media14.s-nbcnews.com/j/MSNBC/Components/Video/202010/n_wh_deadline_immigration_201029_1920x1080.nbcnews-fp-1200-630.jpg,2020.0
187,2020-10-28,28.0,10.0,Donald Trump,MSNBC,Steve Kornacki: There’s ‘still time’ for a Trump comeback in the closing days,https://media14.s-nbcnews.com/j/MSNBC/Components/Video/202010/n_reidout_kornacki_201028_1603928599161.nbcnews-fp-1200-630.jpg,2020.0
188,2020-10-28,28.0,10.0,Donald Trump,MSNBC,Steve Kornacki: There’s ‘still time’ for a Trump comeback in the closing days,https://media14.s-nbcnews.com/j/MSNBC/Components/Video/202010/n_reidout_kornacki_201028_1603928599161.nbcnews-fp-1200-630.jpg,2020.0
189,2020-10-28,28.0,10.0,Donald Trump,MSNBC,Steve Kornacki: There’s ‘still time’ for a Trump comeback in the closing days,https://media14.s-nbcnews.com/j/MSNBC/Components/Video/202010/n_reidout_kornacki_201028_1603928599161.nbcnews-fp-1200-630.jpg,2020.0
190,2020-10-29,29.0,10.0,Joe Biden,MSNBC,Biden promises to 'shut down the virus' if elected,https://media11.s-nbcnews.com/j/MSNBC/Components/Video/202010/n_msnbc_brk_biden_fl_shutdown_201029_1920x1080.nbcnews-fp-1200-630.jpg,2020.0
191,2020-10-26,26.0,10.0,Joe Biden,MSNBC,Biden: Meadows admitted White House 'wasn't even trying' to combat coronavirus,https://media14.s-nbcnews.com/j/MSNBC/Components/Video/202010/n_msnbc_brk_biden_covid_wh_201026_1920x1080.nbcnews-fp-1200-630.jpg,2020.0
192,2020-10-27,27.0,10.0,Joe Biden,MSNBC,Biden: We need a president 'who is not in it for themselves',https://media11.s-nbcnews.com/j/MSNBC/Components/Video/202010/n_msnbc_brk_biden_pres_ga_201027_1920x1080.nbcnews-fp-1200-630.jpg,2020.0
193,2020-10-28,28.0,10.0,Joe Biden,MSNBC,Biden slams Trump for holding rallies amid pandemic: 'He gets his photo-op and he gets out',https://media12.s-nbcnews.com/j/MSNBC/Components/Video/202010/n_msnbc_brk_biden_trump_rally_201028_1920x1080.nbcnews-fp-1200-630.jpg,2020.0
194,2020-10-28,28.0,10.0,Donald Trump,MSNBC,Breaking down the latest battleground polling,https://media12.s-nbcnews.com/j/MSNBC/Components/Video/202010/n_mj_polls_201028_1920x1080.nbcnews-fp-1200-630.jpg,2020.0
195,2020-10-28,28.0,10.0,Joe Biden,MSNBC,Breaking down the latest battleground polling,https://media12.s-nbcnews.com/j/MSNBC/Components/Video/202010/n_mj_polls_201028_1920x1080.nbcnews-fp-1200-630.jpg,2020.0
196,2020-10-30,30.0,10.0,Donald Trump,MSNBC,NBC News/Marist poll: Joe Biden leads Trump by six points in North Carolina,https://media14.s-nbcnews.com/j/MSNBC/Components/Video/202010/n_mtpd_clip_a2_201030_1920x1080.nbcnews-fp-1200-630.jpg,2020.0
197,2020-10-30,30.0,10.0,Joe Biden,MSNBC,NBC News/Marist poll: Joe Biden leads Trump by six points in North Carolina,https://media14.s-nbcnews.com/j/MSNBC/Components/Video/202010/n_mtpd_clip_a2_201030_1920x1080.nbcnews-fp-1200-630.jpg,2020.0
198,2020-10-30,30.0,10.0,Donald Trump,MSNBC,The painful simplicity of Trump's new Turkey scandal,https://media3.s-nbcnews.com/j/newscms/2019_46/3097176/191112-erdogan-trump-al-1422_e7a13b54c7888cd9ae79c0c63228878f.nbcnews-fp-1200-630.jpg,2020.0
199,2020-10-28,28.0,10.0,Donald Trump,MSNBC,"Biden up in new polls in Georgia, Wisconsin and Michigan",https://media14.s-nbcnews.com/j/MSNBC/Components/Video/202010/n_mtpd_clip_polls_201028_1920x1080.nbcnews-fp-1200-630.jpg,2020.0
200,2020-10-28,28.0,10.0,Joe Biden,MSNBC,"Biden up in new polls in Georgia, Wisconsin and Michigan",https://media14.s-nbcnews.com/j/MSNBC/Components/Video/202010/n_mtpd_clip_polls_201028_1920x1080.nbcnews-fp-1200-630.jpg,2020.0
201,2020-10-27,27.0,10.0,Donald Trump,MSNBC,Obama asks why Trump is bragging about support from dictators,https://media2.s-nbcnews.com/j/newscms/2020_19/1992146/170508-trump-obama-white-house-njs-1135a_b471e465fb8948e8cf4f629e539b578c.nbcnews-fp-1200-630.jpg,2020.0
202,2020-10-30,30.0,10.0,Joe Biden,National Review,"Biden, Never",https://i0.wp.com/www.nationalreview.com/wp-content/uploads/2020/10/biden-8.jpg?fit=1200%2C700&ssl=1,2020.0
203,2020-10-25,25.0,10.0,Joe Biden,National Review,Biden Is Wall Street’s Candidate,https://i1.wp.com/www.nationalreview.com/wp-content/uploads/2020/10/joe-biden-wilmington-del.jpg?fit=1200%2C700&ssl=1,2020.0
204,2020-10-30,30.0,10.0,Joe Biden,National Review,Could Biden Blow This Thing?,https://i1.wp.com/www.nationalreview.com/wp-content/uploads/2020/09/Joe-Biden-Debate.jpg?fit=1200%2C700&ssl=1,2020.0
205,2020-10-27,27.0,10.0,Joe Biden,National Review,Biden Won’t Stop the Illiberal Left,https://i2.wp.com/www.nationalreview.com/wp-content/uploads/2020/09/presidential-debate-cleveland-16.jpg?fit=1200%2C700&ssl=1,2020.0
206,2020-10-29,29.0,10.0,Joe Biden,National Review,Joe the Chameleon,https://i2.wp.com/www.nationalreview.com/wp-content/uploads/2020/10/joe-biden-chester-pa-1.jpg?fit=1200%2C700&ssl=1,2020.0
207,2020-10-29,29.0,10.0,Joe Biden,National Review,Election Choice: Constitutional Norms vs. Changing the Rules,https://i2.wp.com/www.nationalreview.com/wp-content/uploads/2020/10/joe-biden-bristol-pa.jpg?fit=1200%2C700&ssl=1,2020.0
208,2020-10-27,27.0,10.0,Joe Biden,National Review,Joe Biden Is Targeting a Great American Industry,https://i0.wp.com/www.nationalreview.com/wp-content/uploads/2020/10/joe-biden-pennsylvania.jpg?fit=1200%2C700&ssl=1,2020.0
209,2020-10-29,29.0,10.0,Joe Biden,National Review,Evaluating the Impact of Biden’s Health-Care Plans,https://i1.wp.com/www.nationalreview.com/wp-content/uploads/2020/10/joe-biden-covid.jpg?fit=1200%2C700&ssl=1,2020.0
210,2020-10-25,25.0,10.0,Joe Biden,National Review,The Biden-Harris Antipathy toward Guns Portends Trouble for Law Enforcement,https://i0.wp.com/www.nationalreview.com/wp-content/uploads/2020/10/joe-biden-dallas-pennsylvania.jpg?fit=1200%2C700&ssl=1,2020.0
211,2020-10-26,26.0,10.0,Joe Biden,National Review,Watch a Biden Surrogate Call for a Special-Counsel Probe of Hunter’s Influence Peddling,https://i0.wp.com/www.nationalreview.com/wp-content/uploads/2020/10/biden-5-scaled.jpg?fit=1200%2C700&ssl=1,2020.0
212,2020-10-27,27.0,10.0,Joe Biden,NBC News,Biden brings closing message to historically red Georgia,https://media1.s-nbcnews.com/j/newscms/2020_44/3423412/201027-joe-biden-al-1433_e28dcac613e94059406ec8e4f1e12999.nbcnews-fp-1200-630.jpg,2020.0
213,2020-10-29,29.0,10.0,Joe Biden,Politico,Poll: Biden notches narrow lead in Florida,https://static.politico.com/b5/75/d50e73ff4d6a97b317882bf49563/201029-joe-biden-ap-773.jpg,2020.0
214,2020-10-28,28.0,10.0,Joe Biden,Politico,Biden dives into the fight for the Senate,https://static.politico.com/89/67/b3640b0c42d5afcfc67a0dcd7655/201027-biden-ga-ap-773.jpg,2020.0
215,2020-10-24,24.0,10.0,Joe Biden,Politico,Scarred Democrats begin accepting a possible Biden win,https://static.politico.com/84/b0/8a49f22f4c788af2d2c665ef7d0e/ap20297716674501.jpg,2020.0
216,2020-10-28,28.0,10.0,Joe Biden,Politico,Poll: Biden has five-point edge in Georgia,https://static.politico.com/81/cc/bbc4a38446588f861bc66b61ba66/20201028-joe-biden-ap-773.jpg,2020.0
217,2020-10-26,26.0,10.0,Joe Biden,Politico,Caution and confidence keep Biden close to home in final days,https://static.politico.com/0e/37/f37f8e504672beb4417e2355af83/ap20300748197970-1.jpg,2020.0
218,2020-10-29,29.0,10.0,Joe Biden,Politico,Biden camp slams Facebook as thousands of ads remain blocked in final week,https://static.politico.com/5b/b4/e3692b7a456c9a4fc2e575ebbbb0/gettyimages-1229347211-1.jpg,2020.0
219,2020-10-27,27.0,10.0,Joe Biden,Reuters,Factbox: How a Biden presidency would transform the U.S. energy landscape - Reuters Africa,https://static.reuters.com/resources/r/?m=02&d=20201027&t=2&i=1538998558&r=LYNXMPEG9Q1IH&w=800,2020.0
220,2020-10-26,26.0,10.0,Joe Biden,Reuters,Breakingviews - Joe Biden is private equity’s tax boogeyman - Reuters UK,https://static.reuters.com/resources/r/?m=02&d=20201026&t=2&i=1538861213&r=LYNXMPEG9P19M&w=800,2020.0
221,2020-10-26,26.0,10.0,Joe Biden,Reuters,"Biden has solid lead in Wisconsin, narrower edge in Pennsylvania - Reuters/Ipsos poll - Reuters UK",https://static.reuters.com/resources/r/?m=02&d=20201026&t=2&i=1538889584&r=LYNXMPEG9P1KP&w=800,2020.0
222,2020-10-26,26.0,10.0,Joe Biden,Reuters,"Biden has solid lead in Wisconsin, narrower edge in Pennsylvania: Reuters/Ipsos poll - Reuters",https://static.reuters.com/resources/r/?m=02&d=20201026&t=2&i=1538889185&r=LYNXMPEG9P1KD&w=800,2020.0
223,2020-10-31,31.0,10.0,Joe Biden,Reuters,"A longtime fixture in U.S. politics, Biden seeks to win elusive prize - Reuters India",https://static.reuters.com/resources/r/?m=02&d=20201031&t=2&i=1539509085&r=LYNXMPEG9U08R&w=800,2020.0
224,2020-10-31,31.0,10.0,Joe Biden,Reuters,"A longtime fixture in U.S. politics, Biden seeks to win elusive prize - Reuters",https://static.reuters.com/resources/r/?m=02&d=20201031&t=2&i=1539509277&r=LYNXMPEG9U09B&w=800,2020.0
225,2020-10-24,24.0,10.0,Donald Trump,The Hill,Biden pushes back on Trump: 'Crass' to go after political rival's children,https://thehill.com/sites/default/files/bidenjoe_102220getty_biden-oil-dems.jpg,2020.0
226,2020-10-31,31.0,10.0,Joe Biden,The Hill,Biden to spend election night in Delaware,https://thehill.com/sites/default/files/bidenjoe2_09162020getty.jpg,2020.0
227,2020-10-29,29.0,10.0,Donald Trump,The Hill,Poll: Biden builds bigger lead nationally,https://thehill.com/sites/default/files/blogs/bidentrump_090116getty.jpg,2020.0
228,2020-10-29,29.0,10.0,Joe Biden,The Hill,Poll: Biden builds bigger lead nationally,https://thehill.com/sites/default/files/blogs/bidentrump_090116getty.jpg,2020.0
229,2020-10-29,29.0,10.0,Donald Trump,The Hill,Poll: Biden leads by 5 points in Florida,https://thehill.com/sites/default/files/bidenjoe_trumpdonald_090820getty_split_nerves.jpg,2020.0
230,2020-10-29,29.0,10.0,Joe Biden,The Hill,Poll: Biden leads by 5 points in Florida,https://thehill.com/sites/default/files/bidenjoe_trumpdonald_090820getty_split_nerves.jpg,2020.0
231,2020-10-31,31.0,10.0,Joe Biden,The Hill,Biden pokes GOP's 'basement' attack with drive-in rally photo,https://thehill.com/sites/default/files/bidenjoe_102920getty_optimism.jpg,2020.0
232,2020-10-28,28.0,10.0,Joe Biden,The Hill,Biden up 17 points in new Wisconsin poll,https://thehill.com/sites/default/files/bidenjoe_102720getty.jpg,2020.0
233,2020-10-27,27.0,10.0,Joe Biden,The Hill,"Biden calls Trump a 'charlatan,' invokes FDR in speech promising to unite the nation",https://thehill.com/sites/default/files/bidenjoe_102720getty.jpg,2020.0
234,2020-10-26,26.0,10.0,Joe Biden,The Hill,"Biden stretches lead over Trump in Michigan, Wisconsin and Pennsylvania: poll",https://thehill.com/sites/default/files/bidenjoe_trumpdonald_092320getty_lead.jpg,2020.0
235,2020-10-26,26.0,10.0,Donald Trump,The Hill,"Biden stretches lead over Trump in Michigan, Wisconsin and Pennsylvania: poll",https://thehill.com/sites/default/files/bidenjoe_trumpdonald_092320getty_lead.jpg,2020.0
236,2020-10-29,29.0,10.0,Joe Biden,The Hill,The Hill's Campaign Report: What the latest polling says about the presidential race | Supreme Court shoots down GOP attempt to block NC mail ballot extension,https://thehill.com/sites/default/files/bidenjoe_trumpdonald_102620getty_split_polls.jpg,2020.0
237,2020-10-29,29.0,10.0,Donald Trump,The Hill,The Hill's Campaign Report: What the latest polling says about the presidential race | Supreme Court shoots down GOP attempt to block NC mail ballot extension,https://thehill.com/sites/default/files/bidenjoe_trumpdonald_102620getty_split_polls.jpg,2020.0
238,2020-10-25,25.0,10.0,Donald Trump,The Hill,"Most in new poll say they will accept election results, no matter who wins",https://thehill.com/sites/default/files/trumpdonald_bidenjoe_102220getty.jpg,2020.0
239,2020-10-25,25.0,10.0,Joe Biden,The Hill,"Most in new poll say they will accept election results, no matter who wins",https://thehill.com/sites/default/files/trumpdonald_bidenjoe_102220getty.jpg,2020.0
240,2020-10-27,27.0,10.0,Joe Biden,The Hill,Fox's Ingraham: 'Biden-COVID ticket' using 'virus panic button' to 'scare old people into voting',https://thehill.com/sites/default/files/bidenjoe_10262020getty.jpg,2020.0
241,2020-10-28,28.0,10.0,Joe Biden,The Hill,Cook moves Texas to 'toss up',https://thehill.com/sites/default/files/bidenjoe_trumpdonald_071320getty_split_texas.jpg,2020.0
242,2020-10-28,28.0,10.0,Donald Trump,The Hill,Cook moves Texas to 'toss up',https://thehill.com/sites/default/files/bidenjoe_trumpdonald_071320getty_split_texas.jpg,2020.0
243,2020-10-31,31.0,10.0,Joe Biden,The Hill,Sunday shows preview: The final push to Election Day,https://thehill.com/sites/default/files/bidenjoe_trumpdonald_103020getty_split_covid-message.jpg,2020.0
244,2020-10-31,31.0,10.0,Donald Trump,The Hill,Sunday shows preview: The final push to Election Day,https://thehill.com/sites/default/files/bidenjoe_trumpdonald_103020getty_split_covid-message.jpg,2020.0
245,2020-10-30,30.0,10.0,Donald Trump,The Hill,Trump spars with Minnesota officials over crowd limits ahead of rally,https://thehill.com/sites/default/files/trumpdonald_10302020_gettyimages.jpg,2020.0
246,2020-10-26,26.0,10.0,Joe Biden,The Washington Post,"Biden still trails in Texas, but the movement there is shocking",https://www.washingtonpost.com/wp-apps/imrs.php?src=https://arc-anglerfish-washpost-prod-washpost.s3.amazonaws.com/public/KUDRYLAXYAI6XC62QFGKK3QTRM.jpg&w=1440,2020.0
247,2020-10-29,29.0,10.0,Donald Trump,The Washington Post,A harsh new anti-Trump ad flips the script on his biggest issue,https://www.washingtonpost.com/wp-apps/imrs.php?src=https://arc-anglerfish-washpost-prod-washpost.s3.amazonaws.com/public/VOG7AVAZZMI6XC62QFGKK3QTRM.jpg&w=1440,2020.0
248,2020-10-29,29.0,10.0,Donald Trump,The Washington Post,A harsh new anti-Trump ad flips the script on his biggest issue,https://www.washingtonpost.com/wp-apps/imrs.php?src=https://arc-anglerfish-washpost-prod-washpost.s3.amazonaws.com/public/VOG7AVAZZMI6XC62QFGKK3QTRM.jpg&w=1440,2020.0
249,2020-10-27,27.0,10.0,Joe Biden,USA Today,"Joe Biden goes on offense, campaigns in Georgia",https://www.gannett-cdn.com/authoring/video-thumbnails/ae9d1bbb-b872-4df5-b322-5861bdfca6de_poster.jpg?quality=10,2020.0
250,2020-10-28,28.0,10.0,Donald Trump,USA Today,Trump campaign 'Election Day is Today' ads removed by Facebook,"https://www.gannett-cdn.com/presto/2020/10/17/USAT/97002dcd-7070-4982-9ad3-30e569d61a73-AP20291795126974.jpg?crop=4458,2508,x0,y226&width=3200&height=1680&fit=bounds",2020.0
251,2020-10-27,27.0,10.0,Joe Biden,USA Today,"Trump-led conservatives accuse Big Tech of election interference, escalate bias charges ahead of Senate showdown","https://www.gannett-cdn.com/presto/2019/03/27/USAT/b50cc413-0571-4d57-aa4f-0ed35873afde-USP_News-_Boeing_737_Max_8_Senate_Hearing.1.jpg?crop=4792,2696,x0,y666&width=3200&height=1680&fit=bounds",2020.0
